INSERT INTO user (userid, name, email, password, role, created_date) VALUES (1, 'User1', 'user1@example.com', 'password1', 'member', NOW());
INSERT INTO user (userid, name, email, password, role, created_date) VALUES (2, 'User2', 'user2@example.com', 'password2', 'member', NOW());
INSERT INTO user (userid, name, email, password, role, created_date) VALUES (3, 'User3', 'user3@example.com', 'password3', 'member', NOW());
INSERT INTO user (userid, name, email, password, role, created_date) VALUES (4, 'User4', 'user4@example.com', 'password4', 'member', NOW());
INSERT INTO user (userid, name, email, password, role, created_date) VALUES (5, 'User5', 'user5@example.com', 'password5', 'member', NOW());
INSERT INTO author (authorid, author_name) VALUES (1, 'Author1');
INSERT INTO author (authorid, author_name) VALUES (2, 'Author2');
INSERT INTO author (authorid, author_name) VALUES (3, 'Author3');
INSERT INTO author (authorid, author_name) VALUES (4, 'Author4');
INSERT INTO author (authorid, author_name) VALUES (5, 'Author5');
INSERT INTO book_category (book_categoryid, book_cat_name) VALUES (1, 'Fiction');
INSERT INTO book_category (book_categoryid, book_cat_name) VALUES (2, 'Non-Fiction');
INSERT INTO book_category (book_categoryid, book_cat_name) VALUES (3, 'Children');
INSERT INTO book_category (book_categoryid, book_cat_name) VALUES (4, 'Young Adult');
INSERT INTO book_category (book_categoryid, book_cat_name) VALUES (5, 'Biography');
INSERT INTO book_category (book_categoryid, book_cat_name) VALUES (6, 'Science');
INSERT INTO book_category (book_categoryid, book_cat_name) VALUES (7, 'History');
INSERT INTO book_category (book_categoryid, book_cat_name) VALUES (8, 'Fantasy');
INSERT INTO book_category (book_categoryid, book_cat_name) VALUES (9, 'Mystery');
INSERT INTO book_category (book_categoryid, book_cat_name) VALUES (10, 'Romance');
INSERT INTO book (bookid, book_name, published_date, stock, description, total_copies, available_copies, publisher, imageurl, authorid) VALUES (1, 'Fiction Book 1', '2022-01-01', 'Available', 'Description for Fiction Book 1', 5, 3, 'Default Publisher', 'default.jpg', 2);
INSERT INTO book (bookid, book_name, published_date, stock, description, total_copies, available_copies, publisher, imageurl, authorid) VALUES (2, 'Fiction Book 2', '2022-01-01', 'Available', 'Description for Fiction Book 2', 5, 4, 'Default Publisher', 'default.jpg', 1);
INSERT INTO book (bookid, book_name, published_date, stock, description, total_copies, available_copies, publisher, imageurl, authorid) VALUES (3, 'Fiction Book 3', '2022-01-01', 'Available', 'Description for Fiction Book 3', 5, 1, 'Default Publisher', 'default.jpg', 1);
INSERT INTO book (bookid, book_name, published_date, stock, description, total_copies, available_copies, publisher, imageurl, authorid) VALUES (4, 'Fiction Book 4', '2022-01-01', 'Available', 'Description for Fiction Book 4', 5, 5, 'Default Publisher', 'default.jpg', 2);
INSERT INTO book (bookid, book_name, published_date, stock, description, total_copies, available_copies, publisher, imageurl, authorid) VALUES (5, 'Fiction Book 5', '2022-01-01', 'Available', 'Description for Fiction Book 5', 5, 3, 'Default Publisher', 'default.jpg', 2);
INSERT INTO book (bookid, book_name, published_date, stock, description, total_copies, available_copies, publisher, imageurl, authorid) VALUES (6, 'Fiction Book 6', '2022-01-01', 'Available', 'Description for Fiction Book 6', 5, 2, 'Default Publisher', 'default.jpg', 4);
INSERT INTO book (bookid, book_name, published_date, stock, description, total_copies, available_copies, publisher, imageurl, authorid) VALUES (7, 'Fiction Book 7', '2022-01-01', 'Available', 'Description for Fiction Book 7', 5, 1, 'Default Publisher', 'default.jpg', 4);
INSERT INTO book (bookid, book_name, published_date, stock, description, total_copies, available_copies, publisher, imageurl, authorid) VALUES (8, 'Fiction Book 8', '2022-01-01', 'Available', 'Description for Fiction Book 8', 5, 2, 'Default Publisher', 'default.jpg', 3);
INSERT INTO book (bookid, book_name, published_date, stock, description, total_copies, available_copies, publisher, imageurl, authorid) VALUES (9, 'Fiction Book 9', '2022-01-01', 'Available', 'Description for Fiction Book 9', 5, 3, 'Default Publisher', 'default.jpg', 1);
INSERT INTO book (bookid, book_name, published_date, stock, description, total_copies, available_copies, publisher, imageurl, authorid) VALUES (10, 'Fiction Book 10', '2022-01-01', 'Available', 'Description for Fiction Book 10', 5, 5, 'Default Publisher', 'default.jpg', 4);
INSERT INTO book (bookid, book_name, published_date, stock, description, total_copies, available_copies, publisher, imageurl, authorid) VALUES (11, 'Non-Fiction Book 1', '2022-01-01', 'Available', 'Description for Non-Fiction Book 1', 5, 5, 'Default Publisher', 'default.jpg', 1);
INSERT INTO book (bookid, book_name, published_date, stock, description, total_copies, available_copies, publisher, imageurl, authorid) VALUES (12, 'Non-Fiction Book 2', '2022-01-01', 'Available', 'Description for Non-Fiction Book 2', 5, 1, 'Default Publisher', 'default.jpg', 1);
INSERT INTO book (bookid, book_name, published_date, stock, description, total_copies, available_copies, publisher, imageurl, authorid) VALUES (13, 'Non-Fiction Book 3', '2022-01-01', 'Available', 'Description for Non-Fiction Book 3', 5, 3, 'Default Publisher', 'default.jpg', 3);
INSERT INTO book (bookid, book_name, published_date, stock, description, total_copies, available_copies, publisher, imageurl, authorid) VALUES (14, 'Non-Fiction Book 4', '2022-01-01', 'Available', 'Description for Non-Fiction Book 4', 5, 3, 'Default Publisher', 'default.jpg', 3);
INSERT INTO book (bookid, book_name, published_date, stock, description, total_copies, available_copies, publisher, imageurl, authorid) VALUES (15, 'Non-Fiction Book 5', '2022-01-01', 'Available', 'Description for Non-Fiction Book 5', 5, 5, 'Default Publisher', 'default.jpg', 2);
INSERT INTO book (bookid, book_name, published_date, stock, description, total_copies, available_copies, publisher, imageurl, authorid) VALUES (16, 'Non-Fiction Book 6', '2022-01-01', 'Available', 'Description for Non-Fiction Book 6', 5, 5, 'Default Publisher', 'default.jpg', 5);
INSERT INTO book (bookid, book_name, published_date, stock, description, total_copies, available_copies, publisher, imageurl, authorid) VALUES (17, 'Non-Fiction Book 7', '2022-01-01', 'Available', 'Description for Non-Fiction Book 7', 5, 4, 'Default Publisher', 'default.jpg', 2);
INSERT INTO book (bookid, book_name, published_date, stock, description, total_copies, available_copies, publisher, imageurl, authorid) VALUES (18, 'Non-Fiction Book 8', '2022-01-01', 'Available', 'Description for Non-Fiction Book 8', 5, 4, 'Default Publisher', 'default.jpg', 5);
INSERT INTO book (bookid, book_name, published_date, stock, description, total_copies, available_copies, publisher, imageurl, authorid) VALUES (19, 'Non-Fiction Book 9', '2022-01-01', 'Available', 'Description for Non-Fiction Book 9', 5, 4, 'Default Publisher', 'default.jpg', 5);
INSERT INTO book (bookid, book_name, published_date, stock, description, total_copies, available_copies, publisher, imageurl, authorid) VALUES (20, 'Non-Fiction Book 10', '2022-01-01', 'Available', 'Description for Non-Fiction Book 10', 5, 3, 'Default Publisher', 'default.jpg', 2);
INSERT INTO book (bookid, book_name, published_date, stock, description, total_copies, available_copies, publisher, imageurl, authorid) VALUES (21, 'Children Book 1', '2022-01-01', 'Available', 'Description for Children Book 1', 5, 4, 'Default Publisher', 'default.jpg', 1);
INSERT INTO book (bookid, book_name, published_date, stock, description, total_copies, available_copies, publisher, imageurl, authorid) VALUES (22, 'Children Book 2', '2022-01-01', 'Available', 'Description for Children Book 2', 5, 3, 'Default Publisher', 'default.jpg', 1);
INSERT INTO book (bookid, book_name, published_date, stock, description, total_copies, available_copies, publisher, imageurl, authorid) VALUES (23, 'Children Book 3', '2022-01-01', 'Available', 'Description for Children Book 3', 5, 5, 'Default Publisher', 'default.jpg', 4);
INSERT INTO book (bookid, book_name, published_date, stock, description, total_copies, available_copies, publisher, imageurl, authorid) VALUES (24, 'Children Book 4', '2022-01-01', 'Available', 'Description for Children Book 4', 5, 3, 'Default Publisher', 'default.jpg', 5);
INSERT INTO book (bookid, book_name, published_date, stock, description, total_copies, available_copies, publisher, imageurl, authorid) VALUES (25, 'Children Book 5', '2022-01-01', 'Available', 'Description for Children Book 5', 5, 3, 'Default Publisher', 'default.jpg', 3);
INSERT INTO book (bookid, book_name, published_date, stock, description, total_copies, available_copies, publisher, imageurl, authorid) VALUES (26, 'Children Book 6', '2022-01-01', 'Available', 'Description for Children Book 6', 5, 5, 'Default Publisher', 'default.jpg', 3);
INSERT INTO book (bookid, book_name, published_date, stock, description, total_copies, available_copies, publisher, imageurl, authorid) VALUES (27, 'Children Book 7', '2022-01-01', 'Available', 'Description for Children Book 7', 5, 3, 'Default Publisher', 'default.jpg', 5);
INSERT INTO book (bookid, book_name, published_date, stock, description, total_copies, available_copies, publisher, imageurl, authorid) VALUES (28, 'Children Book 8', '2022-01-01', 'Available', 'Description for Children Book 8', 5, 5, 'Default Publisher', 'default.jpg', 3);
INSERT INTO book (bookid, book_name, published_date, stock, description, total_copies, available_copies, publisher, imageurl, authorid) VALUES (29, 'Children Book 9', '2022-01-01', 'Available', 'Description for Children Book 9', 5, 5, 'Default Publisher', 'default.jpg', 1);
INSERT INTO book (bookid, book_name, published_date, stock, description, total_copies, available_copies, publisher, imageurl, authorid) VALUES (30, 'Children Book 10', '2022-01-01', 'Available', 'Description for Children Book 10', 5, 5, 'Default Publisher', 'default.jpg', 2);
INSERT INTO book (bookid, book_name, published_date, stock, description, total_copies, available_copies, publisher, imageurl, authorid) VALUES (31, 'Young Adult Book 1', '2022-01-01', 'Available', 'Description for Young Adult Book 1', 5, 2, 'Default Publisher', 'default.jpg', 5);
INSERT INTO book (bookid, book_name, published_date, stock, description, total_copies, available_copies, publisher, imageurl, authorid) VALUES (32, 'Young Adult Book 2', '2022-01-01', 'Available', 'Description for Young Adult Book 2', 5, 4, 'Default Publisher', 'default.jpg', 4);
INSERT INTO book (bookid, book_name, published_date, stock, description, total_copies, available_copies, publisher, imageurl, authorid) VALUES (33, 'Young Adult Book 3', '2022-01-01', 'Available', 'Description for Young Adult Book 3', 5, 5, 'Default Publisher', 'default.jpg', 2);
INSERT INTO book (bookid, book_name, published_date, stock, description, total_copies, available_copies, publisher, imageurl, authorid) VALUES (34, 'Young Adult Book 4', '2022-01-01', 'Available', 'Description for Young Adult Book 4', 5, 1, 'Default Publisher', 'default.jpg', 5);
INSERT INTO book (bookid, book_name, published_date, stock, description, total_copies, available_copies, publisher, imageurl, authorid) VALUES (35, 'Young Adult Book 5', '2022-01-01', 'Available', 'Description for Young Adult Book 5', 5, 2, 'Default Publisher', 'default.jpg', 1);
INSERT INTO book (bookid, book_name, published_date, stock, description, total_copies, available_copies, publisher, imageurl, authorid) VALUES (36, 'Young Adult Book 6', '2022-01-01', 'Available', 'Description for Young Adult Book 6', 5, 4, 'Default Publisher', 'default.jpg', 5);
INSERT INTO book (bookid, book_name, published_date, stock, description, total_copies, available_copies, publisher, imageurl, authorid) VALUES (37, 'Young Adult Book 7', '2022-01-01', 'Available', 'Description for Young Adult Book 7', 5, 3, 'Default Publisher', 'default.jpg', 5);
INSERT INTO book (bookid, book_name, published_date, stock, description, total_copies, available_copies, publisher, imageurl, authorid) VALUES (38, 'Young Adult Book 8', '2022-01-01', 'Available', 'Description for Young Adult Book 8', 5, 3, 'Default Publisher', 'default.jpg', 2);
INSERT INTO book (bookid, book_name, published_date, stock, description, total_copies, available_copies, publisher, imageurl, authorid) VALUES (39, 'Young Adult Book 9', '2022-01-01', 'Available', 'Description for Young Adult Book 9', 5, 2, 'Default Publisher', 'default.jpg', 4);
INSERT INTO book (bookid, book_name, published_date, stock, description, total_copies, available_copies, publisher, imageurl, authorid) VALUES (40, 'Young Adult Book 10', '2022-01-01', 'Available', 'Description for Young Adult Book 10', 5, 5, 'Default Publisher', 'default.jpg', 1);
INSERT INTO book (bookid, book_name, published_date, stock, description, total_copies, available_copies, publisher, imageurl, authorid) VALUES (41, 'Biography Book 1', '2022-01-01', 'Available', 'Description for Biography Book 1', 5, 2, 'Default Publisher', 'default.jpg', 1);
INSERT INTO book (bookid, book_name, published_date, stock, description, total_copies, available_copies, publisher, imageurl, authorid) VALUES (42, 'Biography Book 2', '2022-01-01', 'Available', 'Description for Biography Book 2', 5, 2, 'Default Publisher', 'default.jpg', 4);
INSERT INTO book (bookid, book_name, published_date, stock, description, total_copies, available_copies, publisher, imageurl, authorid) VALUES (43, 'Biography Book 3', '2022-01-01', 'Available', 'Description for Biography Book 3', 5, 3, 'Default Publisher', 'default.jpg', 2);
INSERT INTO book (bookid, book_name, published_date, stock, description, total_copies, available_copies, publisher, imageurl, authorid) VALUES (44, 'Biography Book 4', '2022-01-01', 'Available', 'Description for Biography Book 4', 5, 2, 'Default Publisher', 'default.jpg', 1);
INSERT INTO book (bookid, book_name, published_date, stock, description, total_copies, available_copies, publisher, imageurl, authorid) VALUES (45, 'Biography Book 5', '2022-01-01', 'Available', 'Description for Biography Book 5', 5, 5, 'Default Publisher', 'default.jpg', 3);
INSERT INTO book (bookid, book_name, published_date, stock, description, total_copies, available_copies, publisher, imageurl, authorid) VALUES (46, 'Biography Book 6', '2022-01-01', 'Available', 'Description for Biography Book 6', 5, 1, 'Default Publisher', 'default.jpg', 2);
INSERT INTO book (bookid, book_name, published_date, stock, description, total_copies, available_copies, publisher, imageurl, authorid) VALUES (47, 'Biography Book 7', '2022-01-01', 'Available', 'Description for Biography Book 7', 5, 4, 'Default Publisher', 'default.jpg', 4);
INSERT INTO book (bookid, book_name, published_date, stock, description, total_copies, available_copies, publisher, imageurl, authorid) VALUES (48, 'Biography Book 8', '2022-01-01', 'Available', 'Description for Biography Book 8', 5, 1, 'Default Publisher', 'default.jpg', 5);
INSERT INTO book (bookid, book_name, published_date, stock, description, total_copies, available_copies, publisher, imageurl, authorid) VALUES (49, 'Biography Book 9', '2022-01-01', 'Available', 'Description for Biography Book 9', 5, 3, 'Default Publisher', 'default.jpg', 3);
INSERT INTO book (bookid, book_name, published_date, stock, description, total_copies, available_copies, publisher, imageurl, authorid) VALUES (50, 'Biography Book 10', '2022-01-01', 'Available', 'Description for Biography Book 10', 5, 5, 'Default Publisher', 'default.jpg', 3);
INSERT INTO book (bookid, book_name, published_date, stock, description, total_copies, available_copies, publisher, imageurl, authorid) VALUES (51, 'Science Book 1', '2022-01-01', 'Available', 'Description for Science Book 1', 5, 1, 'Default Publisher', 'default.jpg', 5);
INSERT INTO book (bookid, book_name, published_date, stock, description, total_copies, available_copies, publisher, imageurl, authorid) VALUES (52, 'Science Book 2', '2022-01-01', 'Available', 'Description for Science Book 2', 5, 5, 'Default Publisher', 'default.jpg', 1);
INSERT INTO book (bookid, book_name, published_date, stock, description, total_copies, available_copies, publisher, imageurl, authorid) VALUES (53, 'Science Book 3', '2022-01-01', 'Available', 'Description for Science Book 3', 5, 5, 'Default Publisher', 'default.jpg', 2);
INSERT INTO book (bookid, book_name, published_date, stock, description, total_copies, available_copies, publisher, imageurl, authorid) VALUES (54, 'Science Book 4', '2022-01-01', 'Available', 'Description for Science Book 4', 5, 3, 'Default Publisher', 'default.jpg', 3);
INSERT INTO book (bookid, book_name, published_date, stock, description, total_copies, available_copies, publisher, imageurl, authorid) VALUES (55, 'Science Book 5', '2022-01-01', 'Available', 'Description for Science Book 5', 5, 5, 'Default Publisher', 'default.jpg', 4);
INSERT INTO book (bookid, book_name, published_date, stock, description, total_copies, available_copies, publisher, imageurl, authorid) VALUES (56, 'Science Book 6', '2022-01-01', 'Available', 'Description for Science Book 6', 5, 3, 'Default Publisher', 'default.jpg', 5);
INSERT INTO book (bookid, book_name, published_date, stock, description, total_copies, available_copies, publisher, imageurl, authorid) VALUES (57, 'Science Book 7', '2022-01-01', 'Available', 'Description for Science Book 7', 5, 1, 'Default Publisher', 'default.jpg', 2);
INSERT INTO book (bookid, book_name, published_date, stock, description, total_copies, available_copies, publisher, imageurl, authorid) VALUES (58, 'Science Book 8', '2022-01-01', 'Available', 'Description for Science Book 8', 5, 2, 'Default Publisher', 'default.jpg', 5);
INSERT INTO book (bookid, book_name, published_date, stock, description, total_copies, available_copies, publisher, imageurl, authorid) VALUES (59, 'Science Book 9', '2022-01-01', 'Available', 'Description for Science Book 9', 5, 3, 'Default Publisher', 'default.jpg', 4);
INSERT INTO book (bookid, book_name, published_date, stock, description, total_copies, available_copies, publisher, imageurl, authorid) VALUES (60, 'Science Book 10', '2022-01-01', 'Available', 'Description for Science Book 10', 5, 2, 'Default Publisher', 'default.jpg', 3);
INSERT INTO book (bookid, book_name, published_date, stock, description, total_copies, available_copies, publisher, imageurl, authorid) VALUES (61, 'History Book 1', '2022-01-01', 'Available', 'Description for History Book 1', 5, 5, 'Default Publisher', 'default.jpg', 4);
INSERT INTO book (bookid, book_name, published_date, stock, description, total_copies, available_copies, publisher, imageurl, authorid) VALUES (62, 'History Book 2', '2022-01-01', 'Available', 'Description for History Book 2', 5, 2, 'Default Publisher', 'default.jpg', 4);
INSERT INTO book (bookid, book_name, published_date, stock, description, total_copies, available_copies, publisher, imageurl, authorid) VALUES (63, 'History Book 3', '2022-01-01', 'Available', 'Description for History Book 3', 5, 1, 'Default Publisher', 'default.jpg', 1);
INSERT INTO book (bookid, book_name, published_date, stock, description, total_copies, available_copies, publisher, imageurl, authorid) VALUES (64, 'History Book 4', '2022-01-01', 'Available', 'Description for History Book 4', 5, 5, 'Default Publisher', 'default.jpg', 3);
INSERT INTO book (bookid, book_name, published_date, stock, description, total_copies, available_copies, publisher, imageurl, authorid) VALUES (65, 'History Book 5', '2022-01-01', 'Available', 'Description for History Book 5', 5, 1, 'Default Publisher', 'default.jpg', 1);
INSERT INTO book (bookid, book_name, published_date, stock, description, total_copies, available_copies, publisher, imageurl, authorid) VALUES (66, 'History Book 6', '2022-01-01', 'Available', 'Description for History Book 6', 5, 5, 'Default Publisher', 'default.jpg', 3);
INSERT INTO book (bookid, book_name, published_date, stock, description, total_copies, available_copies, publisher, imageurl, authorid) VALUES (67, 'History Book 7', '2022-01-01', 'Available', 'Description for History Book 7', 5, 1, 'Default Publisher', 'default.jpg', 2);
INSERT INTO book (bookid, book_name, published_date, stock, description, total_copies, available_copies, publisher, imageurl, authorid) VALUES (68, 'History Book 8', '2022-01-01', 'Available', 'Description for History Book 8', 5, 5, 'Default Publisher', 'default.jpg', 5);
INSERT INTO book (bookid, book_name, published_date, stock, description, total_copies, available_copies, publisher, imageurl, authorid) VALUES (69, 'History Book 9', '2022-01-01', 'Available', 'Description for History Book 9', 5, 1, 'Default Publisher', 'default.jpg', 4);
INSERT INTO book (bookid, book_name, published_date, stock, description, total_copies, available_copies, publisher, imageurl, authorid) VALUES (70, 'History Book 10', '2022-01-01', 'Available', 'Description for History Book 10', 5, 4, 'Default Publisher', 'default.jpg', 2);
INSERT INTO book (bookid, book_name, published_date, stock, description, total_copies, available_copies, publisher, imageurl, authorid) VALUES (71, 'Fantasy Book 1', '2022-01-01', 'Available', 'Description for Fantasy Book 1', 5, 4, 'Default Publisher', 'default.jpg', 3);
INSERT INTO book (bookid, book_name, published_date, stock, description, total_copies, available_copies, publisher, imageurl, authorid) VALUES (72, 'Fantasy Book 2', '2022-01-01', 'Available', 'Description for Fantasy Book 2', 5, 4, 'Default Publisher', 'default.jpg', 5);
INSERT INTO book (bookid, book_name, published_date, stock, description, total_copies, available_copies, publisher, imageurl, authorid) VALUES (73, 'Fantasy Book 3', '2022-01-01', 'Available', 'Description for Fantasy Book 3', 5, 2, 'Default Publisher', 'default.jpg', 1);
INSERT INTO book (bookid, book_name, published_date, stock, description, total_copies, available_copies, publisher, imageurl, authorid) VALUES (74, 'Fantasy Book 4', '2022-01-01', 'Available', 'Description for Fantasy Book 4', 5, 3, 'Default Publisher', 'default.jpg', 3);
INSERT INTO book (bookid, book_name, published_date, stock, description, total_copies, available_copies, publisher, imageurl, authorid) VALUES (75, 'Fantasy Book 5', '2022-01-01', 'Available', 'Description for Fantasy Book 5', 5, 1, 'Default Publisher', 'default.jpg', 3);
INSERT INTO book (bookid, book_name, published_date, stock, description, total_copies, available_copies, publisher, imageurl, authorid) VALUES (76, 'Fantasy Book 6', '2022-01-01', 'Available', 'Description for Fantasy Book 6', 5, 1, 'Default Publisher', 'default.jpg', 1);
INSERT INTO book (bookid, book_name, published_date, stock, description, total_copies, available_copies, publisher, imageurl, authorid) VALUES (77, 'Fantasy Book 7', '2022-01-01', 'Available', 'Description for Fantasy Book 7', 5, 5, 'Default Publisher', 'default.jpg', 2);
INSERT INTO book (bookid, book_name, published_date, stock, description, total_copies, available_copies, publisher, imageurl, authorid) VALUES (78, 'Fantasy Book 8', '2022-01-01', 'Available', 'Description for Fantasy Book 8', 5, 2, 'Default Publisher', 'default.jpg', 2);
INSERT INTO book (bookid, book_name, published_date, stock, description, total_copies, available_copies, publisher, imageurl, authorid) VALUES (79, 'Fantasy Book 9', '2022-01-01', 'Available', 'Description for Fantasy Book 9', 5, 2, 'Default Publisher', 'default.jpg', 1);
INSERT INTO book (bookid, book_name, published_date, stock, description, total_copies, available_copies, publisher, imageurl, authorid) VALUES (80, 'Fantasy Book 10', '2022-01-01', 'Available', 'Description for Fantasy Book 10', 5, 5, 'Default Publisher', 'default.jpg', 2);
INSERT INTO book (bookid, book_name, published_date, stock, description, total_copies, available_copies, publisher, imageurl, authorid) VALUES (81, 'Mystery Book 1', '2022-01-01', 'Available', 'Description for Mystery Book 1', 5, 1, 'Default Publisher', 'default.jpg', 3);
INSERT INTO book (bookid, book_name, published_date, stock, description, total_copies, available_copies, publisher, imageurl, authorid) VALUES (82, 'Mystery Book 2', '2022-01-01', 'Available', 'Description for Mystery Book 2', 5, 2, 'Default Publisher', 'default.jpg', 2);
INSERT INTO book (bookid, book_name, published_date, stock, description, total_copies, available_copies, publisher, imageurl, authorid) VALUES (83, 'Mystery Book 3', '2022-01-01', 'Available', 'Description for Mystery Book 3', 5, 2, 'Default Publisher', 'default.jpg', 3);
INSERT INTO book (bookid, book_name, published_date, stock, description, total_copies, available_copies, publisher, imageurl, authorid) VALUES (84, 'Mystery Book 4', '2022-01-01', 'Available', 'Description for Mystery Book 4', 5, 5, 'Default Publisher', 'default.jpg', 3);
INSERT INTO book (bookid, book_name, published_date, stock, description, total_copies, available_copies, publisher, imageurl, authorid) VALUES (85, 'Mystery Book 5', '2022-01-01', 'Available', 'Description for Mystery Book 5', 5, 4, 'Default Publisher', 'default.jpg', 4);
INSERT INTO book (bookid, book_name, published_date, stock, description, total_copies, available_copies, publisher, imageurl, authorid) VALUES (86, 'Mystery Book 6', '2022-01-01', 'Available', 'Description for Mystery Book 6', 5, 3, 'Default Publisher', 'default.jpg', 3);
INSERT INTO book (bookid, book_name, published_date, stock, description, total_copies, available_copies, publisher, imageurl, authorid) VALUES (87, 'Mystery Book 7', '2022-01-01', 'Available', 'Description for Mystery Book 7', 5, 3, 'Default Publisher', 'default.jpg', 1);
INSERT INTO book (bookid, book_name, published_date, stock, description, total_copies, available_copies, publisher, imageurl, authorid) VALUES (88, 'Mystery Book 8', '2022-01-01', 'Available', 'Description for Mystery Book 8', 5, 1, 'Default Publisher', 'default.jpg', 3);
INSERT INTO book (bookid, book_name, published_date, stock, description, total_copies, available_copies, publisher, imageurl, authorid) VALUES (89, 'Mystery Book 9', '2022-01-01', 'Available', 'Description for Mystery Book 9', 5, 2, 'Default Publisher', 'default.jpg', 4);
INSERT INTO book (bookid, book_name, published_date, stock, description, total_copies, available_copies, publisher, imageurl, authorid) VALUES (90, 'Mystery Book 10', '2022-01-01', 'Available', 'Description for Mystery Book 10', 5, 4, 'Default Publisher', 'default.jpg', 5);
INSERT INTO book (bookid, book_name, published_date, stock, description, total_copies, available_copies, publisher, imageurl, authorid) VALUES (91, 'Romance Book 1', '2022-01-01', 'Available', 'Description for Romance Book 1', 5, 1, 'Default Publisher', 'default.jpg', 2);
INSERT INTO book (bookid, book_name, published_date, stock, description, total_copies, available_copies, publisher, imageurl, authorid) VALUES (92, 'Romance Book 2', '2022-01-01', 'Available', 'Description for Romance Book 2', 5, 5, 'Default Publisher', 'default.jpg', 1);
INSERT INTO book (bookid, book_name, published_date, stock, description, total_copies, available_copies, publisher, imageurl, authorid) VALUES (93, 'Romance Book 3', '2022-01-01', 'Available', 'Description for Romance Book 3', 5, 5, 'Default Publisher', 'default.jpg', 2);
INSERT INTO book (bookid, book_name, published_date, stock, description, total_copies, available_copies, publisher, imageurl, authorid) VALUES (94, 'Romance Book 4', '2022-01-01', 'Available', 'Description for Romance Book 4', 5, 4, 'Default Publisher', 'default.jpg', 2);
INSERT INTO book (bookid, book_name, published_date, stock, description, total_copies, available_copies, publisher, imageurl, authorid) VALUES (95, 'Romance Book 5', '2022-01-01', 'Available', 'Description for Romance Book 5', 5, 3, 'Default Publisher', 'default.jpg', 5);
INSERT INTO book (bookid, book_name, published_date, stock, description, total_copies, available_copies, publisher, imageurl, authorid) VALUES (96, 'Romance Book 6', '2022-01-01', 'Available', 'Description for Romance Book 6', 5, 2, 'Default Publisher', 'default.jpg', 2);
INSERT INTO book (bookid, book_name, published_date, stock, description, total_copies, available_copies, publisher, imageurl, authorid) VALUES (97, 'Romance Book 7', '2022-01-01', 'Available', 'Description for Romance Book 7', 5, 2, 'Default Publisher', 'default.jpg', 2);
INSERT INTO book (bookid, book_name, published_date, stock, description, total_copies, available_copies, publisher, imageurl, authorid) VALUES (98, 'Romance Book 8', '2022-01-01', 'Available', 'Description for Romance Book 8', 5, 2, 'Default Publisher', 'default.jpg', 2);
INSERT INTO book (bookid, book_name, published_date, stock, description, total_copies, available_copies, publisher, imageurl, authorid) VALUES (99, 'Romance Book 9', '2022-01-01', 'Available', 'Description for Romance Book 9', 5, 2, 'Default Publisher', 'default.jpg', 2);
INSERT INTO book (bookid, book_name, published_date, stock, description, total_copies, available_copies, publisher, imageurl, authorid) VALUES (100, 'Romance Book 10', '2022-01-01', 'Available', 'Description for Romance Book 10', 5, 4, 'Default Publisher', 'default.jpg', 5);
INSERT INTO book_category_map (bookid, book_categoryid) VALUES (1, 1);
INSERT INTO book_category_map (bookid, book_categoryid) VALUES (2, 1);
INSERT INTO book_category_map (bookid, book_categoryid) VALUES (3, 1);
INSERT INTO book_category_map (bookid, book_categoryid) VALUES (4, 1);
INSERT INTO book_category_map (bookid, book_categoryid) VALUES (5, 1);
INSERT INTO book_category_map (bookid, book_categoryid) VALUES (6, 1);
INSERT INTO book_category_map (bookid, book_categoryid) VALUES (7, 1);
INSERT INTO book_category_map (bookid, book_categoryid) VALUES (8, 1);
INSERT INTO book_category_map (bookid, book_categoryid) VALUES (9, 1);
INSERT INTO book_category_map (bookid, book_categoryid) VALUES (10, 1);
INSERT INTO book_category_map (bookid, book_categoryid) VALUES (11, 2);
INSERT INTO book_category_map (bookid, book_categoryid) VALUES (12, 2);
INSERT INTO book_category_map (bookid, book_categoryid) VALUES (13, 2);
INSERT INTO book_category_map (bookid, book_categoryid) VALUES (14, 2);
INSERT INTO book_category_map (bookid, book_categoryid) VALUES (15, 2);
INSERT INTO book_category_map (bookid, book_categoryid) VALUES (16, 2);
INSERT INTO book_category_map (bookid, book_categoryid) VALUES (17, 2);
INSERT INTO book_category_map (bookid, book_categoryid) VALUES (18, 2);
INSERT INTO book_category_map (bookid, book_categoryid) VALUES (19, 2);
INSERT INTO book_category_map (bookid, book_categoryid) VALUES (20, 2);
INSERT INTO book_category_map (bookid, book_categoryid) VALUES (21, 3);
INSERT INTO book_category_map (bookid, book_categoryid) VALUES (22, 3);
INSERT INTO book_category_map (bookid, book_categoryid) VALUES (23, 3);
INSERT INTO book_category_map (bookid, book_categoryid) VALUES (24, 3);
INSERT INTO book_category_map (bookid, book_categoryid) VALUES (25, 3);
INSERT INTO book_category_map (bookid, book_categoryid) VALUES (26, 3);
INSERT INTO book_category_map (bookid, book_categoryid) VALUES (27, 3);
INSERT INTO book_category_map (bookid, book_categoryid) VALUES (28, 3);
INSERT INTO book_category_map (bookid, book_categoryid) VALUES (29, 3);
INSERT INTO book_category_map (bookid, book_categoryid) VALUES (30, 3);
INSERT INTO book_category_map (bookid, book_categoryid) VALUES (31, 4);
INSERT INTO book_category_map (bookid, book_categoryid) VALUES (32, 4);
INSERT INTO book_category_map (bookid, book_categoryid) VALUES (33, 4);
INSERT INTO book_category_map (bookid, book_categoryid) VALUES (34, 4);
INSERT INTO book_category_map (bookid, book_categoryid) VALUES (35, 4);
INSERT INTO book_category_map (bookid, book_categoryid) VALUES (36, 4);
INSERT INTO book_category_map (bookid, book_categoryid) VALUES (37, 4);
INSERT INTO book_category_map (bookid, book_categoryid) VALUES (38, 4);
INSERT INTO book_category_map (bookid, book_categoryid) VALUES (39, 4);
INSERT INTO book_category_map (bookid, book_categoryid) VALUES (40, 4);
INSERT INTO book_category_map (bookid, book_categoryid) VALUES (41, 5);
INSERT INTO book_category_map (bookid, book_categoryid) VALUES (42, 5);
INSERT INTO book_category_map (bookid, book_categoryid) VALUES (43, 5);
INSERT INTO book_category_map (bookid, book_categoryid) VALUES (44, 5);
INSERT INTO book_category_map (bookid, book_categoryid) VALUES (45, 5);
INSERT INTO book_category_map (bookid, book_categoryid) VALUES (46, 5);
INSERT INTO book_category_map (bookid, book_categoryid) VALUES (47, 5);
INSERT INTO book_category_map (bookid, book_categoryid) VALUES (48, 5);
INSERT INTO book_category_map (bookid, book_categoryid) VALUES (49, 5);
INSERT INTO book_category_map (bookid, book_categoryid) VALUES (50, 5);
INSERT INTO book_category_map (bookid, book_categoryid) VALUES (51, 6);
INSERT INTO book_category_map (bookid, book_categoryid) VALUES (52, 6);
INSERT INTO book_category_map (bookid, book_categoryid) VALUES (53, 6);
INSERT INTO book_category_map (bookid, book_categoryid) VALUES (54, 6);
INSERT INTO book_category_map (bookid, book_categoryid) VALUES (55, 6);
INSERT INTO book_category_map (bookid, book_categoryid) VALUES (56, 6);
INSERT INTO book_category_map (bookid, book_categoryid) VALUES (57, 6);
INSERT INTO book_category_map (bookid, book_categoryid) VALUES (58, 6);
INSERT INTO book_category_map (bookid, book_categoryid) VALUES (59, 6);
INSERT INTO book_category_map (bookid, book_categoryid) VALUES (60, 6);
INSERT INTO book_category_map (bookid, book_categoryid) VALUES (61, 7);
INSERT INTO book_category_map (bookid, book_categoryid) VALUES (62, 7);
INSERT INTO book_category_map (bookid, book_categoryid) VALUES (63, 7);
INSERT INTO book_category_map (bookid, book_categoryid) VALUES (64, 7);
INSERT INTO book_category_map (bookid, book_categoryid) VALUES (65, 7);
INSERT INTO book_category_map (bookid, book_categoryid) VALUES (66, 7);
INSERT INTO book_category_map (bookid, book_categoryid) VALUES (67, 7);
INSERT INTO book_category_map (bookid, book_categoryid) VALUES (68, 7);
INSERT INTO book_category_map (bookid, book_categoryid) VALUES (69, 7);
INSERT INTO book_category_map (bookid, book_categoryid) VALUES (70, 7);
INSERT INTO book_category_map (bookid, book_categoryid) VALUES (71, 8);
INSERT INTO book_category_map (bookid, book_categoryid) VALUES (72, 8);
INSERT INTO book_category_map (bookid, book_categoryid) VALUES (73, 8);
INSERT INTO book_category_map (bookid, book_categoryid) VALUES (74, 8);
INSERT INTO book_category_map (bookid, book_categoryid) VALUES (75, 8);
INSERT INTO book_category_map (bookid, book_categoryid) VALUES (76, 8);
INSERT INTO book_category_map (bookid, book_categoryid) VALUES (77, 8);
INSERT INTO book_category_map (bookid, book_categoryid) VALUES (78, 8);
INSERT INTO book_category_map (bookid, book_categoryid) VALUES (79, 8);
INSERT INTO book_category_map (bookid, book_categoryid) VALUES (80, 8);
INSERT INTO book_category_map (bookid, book_categoryid) VALUES (81, 9);
INSERT INTO book_category_map (bookid, book_categoryid) VALUES (82, 9);
INSERT INTO book_category_map (bookid, book_categoryid) VALUES (83, 9);
INSERT INTO book_category_map (bookid, book_categoryid) VALUES (84, 9);
INSERT INTO book_category_map (bookid, book_categoryid) VALUES (85, 9);
INSERT INTO book_category_map (bookid, book_categoryid) VALUES (86, 9);
INSERT INTO book_category_map (bookid, book_categoryid) VALUES (87, 9);
INSERT INTO book_category_map (bookid, book_categoryid) VALUES (88, 9);
INSERT INTO book_category_map (bookid, book_categoryid) VALUES (89, 9);
INSERT INTO book_category_map (bookid, book_categoryid) VALUES (90, 9);
INSERT INTO book_category_map (bookid, book_categoryid) VALUES (91, 10);
INSERT INTO book_category_map (bookid, book_categoryid) VALUES (92, 10);
INSERT INTO book_category_map (bookid, book_categoryid) VALUES (93, 10);
INSERT INTO book_category_map (bookid, book_categoryid) VALUES (94, 10);
INSERT INTO book_category_map (bookid, book_categoryid) VALUES (95, 10);
INSERT INTO book_category_map (bookid, book_categoryid) VALUES (96, 10);
INSERT INTO book_category_map (bookid, book_categoryid) VALUES (97, 10);
INSERT INTO book_category_map (bookid, book_categoryid) VALUES (98, 10);
INSERT INTO book_category_map (bookid, book_categoryid) VALUES (99, 10);
INSERT INTO book_category_map (bookid, book_categoryid) VALUES (100, 10);
INSERT INTO reservation (reservationid, created_date, status, userid, bookid) VALUES (1, NOW(), 'borrowed', 2, 52);
INSERT INTO reservation (reservationid, created_date, status, userid, bookid) VALUES (2, NOW(), 'reserved', 4, 40);
INSERT INTO reservation (reservationid, created_date, status, userid, bookid) VALUES (3, NOW(), 'reserved', 1, 87);
INSERT INTO reservation (reservationid, created_date, status, userid, bookid) VALUES (4, NOW(), 'borrowed', 1, 95);
INSERT INTO reservation (reservationid, created_date, status, userid, bookid) VALUES (5, NOW(), 'reserved', 2, 68);
INSERT INTO reservation (reservationid, created_date, status, userid, bookid) VALUES (6, NOW(), 'borrowed', 5, 28);
INSERT INTO reservation (reservationid, created_date, status, userid, bookid) VALUES (7, NOW(), 'reserved', 4, 90);
INSERT INTO reservation (reservationid, created_date, status, userid, bookid) VALUES (8, NOW(), 'borrowed', 2, 100);
INSERT INTO reservation (reservationid, created_date, status, userid, bookid) VALUES (9, NOW(), 'reserved', 5, 46);
INSERT INTO reservation (reservationid, created_date, status, userid, bookid) VALUES (10, NOW(), 'reserved', 1, 29);
INSERT INTO reservation (reservationid, created_date, status, userid, bookid) VALUES (11, NOW(), 'reserved', 3, 18);
INSERT INTO reservation (reservationid, created_date, status, userid, bookid) VALUES (12, NOW(), 'reserved', 4, 71);
INSERT INTO reservation (reservationid, created_date, status, userid, bookid) VALUES (13, NOW(), 'reserved', 2, 53);
INSERT INTO reservation (reservationid, created_date, status, userid, bookid) VALUES (14, NOW(), 'borrowed', 1, 24);
INSERT INTO reservation (reservationid, created_date, status, userid, bookid) VALUES (15, NOW(), 'borrowed', 3, 44);
INSERT INTO reservation (reservationid, created_date, status, userid, bookid) VALUES (16, NOW(), 'borrowed', 4, 66);
INSERT INTO reservation (reservationid, created_date, status, userid, bookid) VALUES (17, NOW(), 'borrowed', 3, 76);
INSERT INTO reservation (reservationid, created_date, status, userid, bookid) VALUES (18, NOW(), 'borrowed', 4, 45);
INSERT INTO reservation (reservationid, created_date, status, userid, bookid) VALUES (19, NOW(), 'reserved', 5, 26);
INSERT INTO reservation (reservationid, created_date, status, userid, bookid) VALUES (20, NOW(), 'borrowed', 4, 88);
INSERT INTO borrow_record (borrowid, borrow_date, return_date, due_date, status, reservationid) VALUES (1, '2025-07-07', '2025-07-16', '2025-07-21', 'returned', 6);
INSERT INTO borrow_record (borrowid, borrow_date, return_date, due_date, status, reservationid) VALUES (2, '2025-07-13', '2025-07-20', '2025-07-27', 'borrowed', 18);
INSERT INTO borrow_record (borrowid, borrow_date, return_date, due_date, status, reservationid) VALUES (3, '2025-07-15', '2025-07-23', '2025-07-29', 'borrowed', 5);
INSERT INTO borrow_record (borrowid, borrow_date, return_date, due_date, status, reservationid) VALUES (4, '2025-06-26', '2025-07-08', '2025-07-10', 'returned', 17);
INSERT INTO borrow_record (borrowid, borrow_date, return_date, due_date, status, reservationid) VALUES (5, '2025-07-09', '2025-07-18', '2025-07-23', 'borrowed', 8);
INSERT INTO borrow_record (borrowid, borrow_date, return_date, due_date, status, reservationid) VALUES (6, '2025-06-28', '2025-07-10', '2025-07-12', 'returned', 19);
INSERT INTO borrow_record (borrowid, borrow_date, return_date, due_date, status, reservationid) VALUES (7, '2025-07-02', '2025-07-11', '2025-07-16', 'returned', 15);
INSERT INTO borrow_record (borrowid, borrow_date, return_date, due_date, status, reservationid) VALUES (8, '2025-07-04', '2025-07-12', '2025-07-18', 'returned', 10);
INSERT INTO borrow_record (borrowid, borrow_date, return_date, due_date, status, reservationid) VALUES (9, '2025-07-15', '2025-07-27', '2025-07-29', 'borrowed', 12);
INSERT INTO borrow_record (borrowid, borrow_date, return_date, due_date, status, reservationid) VALUES (10, '2025-07-08', '2025-07-19', '2025-07-22', 'borrowed', 13);